<?xml version="1.0" encoding="UTF-8"?>
<project-private xmlns="http://www.netbeans.org/ns/project-private/1">
    <editor-bookmarks xmlns="http://www.netbeans.org/ns/editor-bookmarks/2" lastBookmarkId="0"/>
    <open-files xmlns="http://www.netbeans.org/ns/projectui-open-files/2">
        <group>
            <file>file:/Users/andrewbiewer/WCTC/wctc-distjava/week3/projects/NamesApp/src/java/edu/wctc/dj/week3/model/Name.java</file>
            <file>file:/Users/andrewbiewer/WCTC/wctc-distjava/week3/projects/NamesApp/web/nameList.jsp</file>
            <file>file:/Users/andrewbiewer/WCTC/wctc-distjava/week3/projects/NamesApp/web/index.jsp</file>
            <file>file:/Users/andrewbiewer/WCTC/wctc-distjava/week3/projects/NamesApp/src/java/edu/wctc/dj/week3/controller/NameController.java</file>
            <file>file:/Users/andrewbiewer/WCTC/wctc-distjava/week3/projects/NamesApp/web/nameDetail.jsp</file>
            <file>file:/Users/andrewbiewer/WCTC/wctc-distjava/week3/projects/NamesApp/src/java/edu/wctc/dj/week3/model/NameService.java</file>
        </group>
    </open-files>
</project-private>
